id,name,url
geeknews,GeekNews 개발뉴스,https://news.hada.io
nhn,NHN Toast 기술블로그,https://meetup.toast.com
woowahan,우아한형제들 테크,https://techblog.woowahan.com
kurly,컬리 기술블로그,https://helloworld.kurly.com
naver-d2,네이버 D2,https://d2.naver.com
coupang,쿠팡 테크블로그,https://medium.com/coupang-tech
daangn,당근마켓 테크,https://medium.com/daangn
awesome-blogs,Awesome Blogs,https://awesome-blogs.petabytes.org
musinsa,무신사 테크블로그,https://musinsa-tech.medium.com
banksalad,뱅크샐러드 테크,https://blog.banksalad.com
js-weekly,JavaScript Weekly,https://javascriptweekly.com
frontend-focus,Frontend Focus,https://frontendfoc.us
css-tricks,CSS-Tricks,https://css-tricks.com
smashing,Smashing Magazine,https://www.smashingmagazine.com
hackernews,Hacker News,https://news.ycombinator.com
devto,Dev.to,https://dev.to
logrocket,LogRocket Blog,https://blog.logrocket.com
webdev,Web.dev (Google),https://web.dev
github,GitHub Blog,https://github.blog
cloudflare,Cloudflare Blog,https://blog.cloudflare.com
netflix,Netflix Tech Blog,https://netflixtechblog.com
infoq,InfoQ,https://www.infoq.com
naver-fe,Naver FE News,https://github.com/naver/fe-news
line-tech,LINE Tech Blog,https://techblog.lycorp.co.jp/ko
samsung-dev,Samsung Developers,https://developer.samsung.com
velog,Velog,https://velog.io
javacan,Java Can (최범균),https://javacan.tistory.com
jojoldu,기억보단 기록을 (이동욱),https://jojoldu.tistory.com
stackoverflow,Stack Overflow Blog,https://stackoverflow.blog
google-dev,Google Developers Blog,https://developers.googleblog.com
hackernoon,Hacker Noon,https://hackernoon.com
codrops,Codrops,https://tympanus.net/codrops/
sitepoint,SitePoint,https://www.sitepoint.com/
tutsplus,Tuts+ Code,https://code.tutsplus.com/
1stwebdesigner,1stwebdesigner,https://1stwebdesigner.com/
24a11y,24 Accessibility,https://www.24a11y.com/
24ways,24 ways,https://24ways.org/
30secondsofcode,30 seconds of code,https://www.30secondsofcode.org/
alistapart,A List Apart,https://alistapart.com/
bitsrc,Bits and Pieces,https://blog.bitsrc.io/
codeinwp,CodeinWP,https://www.codeinwp.com/
codyhouse,CodyHouse,https://codyhouse.co/
deque,Deque Accessibility,https://www.deque.com/
designmodo,Design Modo,https://designmodo.com/
dzone,DZone Web Dev,https://dzone.com/
frontend-masters,Frontend Masters,https://frontendmasters.com/
fullstacktraining,Full Stack Training,https://blog.fullstacktraining.com/
gomakethings,Go Make Things,https://gomakethings.com/
govuk,GOV.UK Blogs,https://www.blog.gov.uk/
kirupa,Kirupa,https://www.kirupa.com/
levelup,Level Up Coding,https://levelup.gitconnected.com/
love2dev,Love2Dev,https://love2dev.com/
nngroup,Nielsen Norman Group,https://www.nngroup.com/
tpgi,TPGI (Paciello Group),https://www.tpgi.com/
sitepen,SitePen,https://www.sitepen.com/
telerik,Telerik,https://www.telerik.com/
treehouse,Treehouse Blog,https://blog.teamtreehouse.com/
twilio-js,Twilio JavaScript,https://www.twilio.com/
vueschool,Vue School,https://vueschool.io/
perfplanet,Web Performance Calendar,https://calendar.perfplanet.com/
webdesignerdepot,Webdesigner Depot,https://www.webdesignerdepot.com/
webgl-fundamentals,WebGL Fundamentals,https://webglfundamentals.org/
addy-osmani,Addy Osmani,https://addyosmani.com/
2ality,Axel Rauschmayer,https://2ality.com/
brad-frost,Brad Frost,https://bradfrost.com/
christian-heilmann,Christian Heilmann,https://christianheilmann.com/
overreacted,Dan Abramov,https://overreacted.io/
daverupert,Dave Rupert,https://daverupert.com/
david-flanagan,David Flanagan,https://davidflanagan.com/
david-walsh,David Walsh,https://davidwalsh.name/
ethan-marcotte,Ethan Marcotte,https://ethanmarcotte.com/
csswizardry,Harry Roberts,https://csswizardry.com/
jake-archibald,Jake Archibald,https://jakearchibald.com/
meiert,Jens Oliver Meiert,https://meiert.com/
adactio,Jeremy Keith,https://adactio.com/
snook,Jonathan Snook,https://snook.ca/
kentcdodds,Kent C. Dodds,https://kentcdodds.com/
lea-verou,Lea Verou,https://lea.verou.me/
markdotto,Mark Otto,https://markdotto.com/
mathiasbynens,Mathias Bynens,https://mathiasbynens.be/
humanwhocodes,Nicholas C. Zakas,https://humanwhocodes.com/
quirksmode,Peter-Paul Koch,https://quirksmode.org/
philip-walton,Philip Walton,https://philipwalton.com/
rachel-andrew,Rachel Andrew,https://rachelandrew.co.uk/
remy-sharp,Remy Sharp,https://remysharp.com/
sara-soueidan,Sara Soueidan,https://www.sarasoueidan.com/
phpied,Stoyan Stefanov,https://www.phpied.com/
xanthir,Tab Atkins,https://www.xanthir.com/
tim-kadlec,Tim Kadlec,https://timkadlec.com/
trent-walton,Trent Walton,https://trentwalton.com/
una-kravets,Una Kravets,https://una.im/
zach-leatherman,Zach Leatherman,https://www.zachleat.com/
aaron-powell,Aaron Powell,https://www.aaron-powell.com/
adam-silver,Adam Silver,https://adamsilver.io/
adrian-roselli,Adrian Roselli,https://adrianroselli.com/
ahmed-shadeed,Ahmed Shadeed,https://ishadeed.com/
frontend-horse,Alex Trost,https://frontend.horse/
piccalilli,Andy Bell,https://piccalil.li/
vuejsdevelopers,Anthony Gore,https://vuejsdevelopers.com/
antoinevastel,Antoine Vastel,https://antoinevastel.com/
ashley-nolan,Ashley Nolan,https://ashleynolan.co.uk/
stegosource,Austin Gil,https://stegosource.com/
ben-frain,Ben Frain,https://benfrain.com/
ben-mccormick,Ben McCormick,https://benmccormick.org/
ben-myers,Ben Myers,https://blog.benmyers.dev/
bt-ht,Bradley Taunt,https://bt.ht/
bram-us,Bram Van Damme,https://www.bram.us/
remotesynthesis,Brian Rinaldi,https://remotesynthesis.com/
bruce-lawson,Bruce Lawson,https://www.brucelawson.co.uk/
bryan-robinson,Bryan Robinson,https://bryanlrobinson.com/
catalin-red,Catalin Rosu,https://catalin.red/
chenhuijing,Chen Hui Jing,https://www.chenhuijing.com/
dan-davies,Dan Davies,https://www.dan-davies.co.uk/
darekkay,Darek Kay,https://darekkay.com/
daveceddia,Dave Ceddia,https://daveceddia.com/
dbushell,David Bushell,https://dbushell.com/
accessibledreams,Dennie Declercq,https://accessibledreams.home.blog/
dmitripavlutin,Dmitri Pavlutin,https://dmitripavlutin.com/
dutzi,Eldad Bercovici,https://dutzi.party/
textslashplain,Eric Lawrence,https://textslashplain.com/
meyerweb,Eric Meyer,https://meyerweb.com/
erikrunyon,Erik Runyon,https://erikrunyon.com/
flaviocopes,Flavio Copes,https://flaviocopes.com/
writingjavascript,Fredrik Söderström,https://writingjavascript.com/
geoffgraham,Geoff Graham,https://geoffgraham.me/
giftegwuenu,Gift Egwuenu,https://www.giftegwuenu.com/
harrycresswell,Harry Cresswell,https://harrycresswell.com/
hswolff,Harry Wolff,https://hswolff.com/
heydonworks,Heydon Pickering,https://heydonworks.com/
hiddedevries,Hidde de Vries,https://hiddedevries.nl/
foobartel,Holger Bartel,https://foobartel.com/
hugogiraudel,Hugo Giraudel,https://hugogiraudel.com/
hussein-alhammad,Hussein Al Hammad,https://hussein-alhammad.com/
bitsofcode,Ire Aderinokun,https://bitsofco.de/
jackfranklin,Jack Franklin,https://www.jackfranklin.co.uk/
jrsinclair,James Sinclair,https://jrsinclair.com/
perishablepress,Jeff Starr,https://perishablepress.com/
jameshfisher,Jim Fisher,https://jameshfisher.com/
destroytoday,Jonnie Hallman,https://destroytoday.com/
joshwcomeau,Josh W. Comeau,https://joshwcomeau.com/
kilianvalkhof,Kilian Valkhof,https://kilianvalkhof.com/
krasimirtsonev,Krasimir Tsonev,https://krasimirtsonev.com/
laurakalbag,Laura Kalbag,https://laurakalbag.com/
a11ywithlindsey,Lindsey Kopacz,https://www.a11ywithlindsey.com/
impressivewebs,Louis Lazaris,https://www.impressivewebs.com/
matuzo,Manuel Matuzovic,https://www.matuzo.at/
marcozehe,Marco Zehe,https://marcozehe.de/
marcus-io,Marcus Herrmann,https://marcus.io/
mariusschulz,Marius Schulz,https://mariusschulz.com/
isquaredsoftware,Mark Erikson,https://blog.isquaredsoftware.com/
markosaric,Marko Saric,https://markosaric.com/
betterwebtype,Matej Latin,https://betterwebtype.com/
mxstbr,Max Stoiber,https://mxstbr.com/
justmarkup,Michael Scharnagl,https://justmarkup.com/
michaelnthiessen,Michael Thiessen,https://michaelnthiessen.com/
css-irl,Michelle Barker,https://css-irl.info/
madebymike,Mike Riethmuller,https://www.madebymike.com.au/
mike-sherov,Mike Sherov,https://mike.sherov.com/
miketaylr,Mike Taylor,https://miketaylr.com/
programmingwithmosh,Mosh Hamedani,https://programmingwithmosh.com/
typeofnan,Nick Scialli,https://typeofnan.dev/
paul-kinlan,Paul Kinlan,https://paul.kinlan.me/
philnash,Phil Nash,https://philna.sh/
prestonlamb,Preston Lamb,https://www.prestonlamb.com/
digitala11y,Raghavendra Satish Peri,https://www.digitala11y.com/
raymondcamden,Raymond Camden,https://www.raymondcamden.com/
raganwald,Reginald Braithwaite,https://raganwald.com/
pqina,Rik Schennink,https://pqina.nl/
htmlcssjavascript,Rob Larsen,https://htmlcssjavascript.com/
robertnyman,Robert Nyman,https://robertnyman.com/
robinosborne,Robin Osborne,https://www.robinosborne.co.uk/
robinwieruch,Robin Wieruch,https://www.robinwieruch.de/
fossheim,Sarah L. Fossheim,https://fossheim.io/
scottohara,Scott O'Hara,https://www.scottohara.me/
scottvinkle,Scott Vinkle,https://scottvinkle.me/
swyx,Sean Wang (swyx),https://www.swyx.io/
catchts,Serhii Bilyk,https://catchts.com/
sindresorhus,Sindre Sorhus,https://blog.sindresorhus.com/
voorhoede,De Voorhoede,https://www.voorhoede.nl/
moderncss,Stephanie Eckles,https://moderncss.dev/
stefanjudis,Stefan Judis,https://www.stefanjudis.com/
stephaniestimac,Stephanie Stimac,https://blog.stephaniestimac.com/
stephaniewalter,Stephanie Walter,https://stephaniewalter.design/
alwaystwisted,Stu Robson,https://alwaystwisted.com/
swizec,Swizec Teller,https://swizec.com/
lihautan,Tan Li Hau,https://lihautan.com/
taniarascia,Tania Rascia,https://www.taniarascia.com/
iamtimsmith,Tim Smith,https://www.iamtimsmith.com/
trysmudford,Trys Mudford,https://www.trysmudford.com/
thecodebarbarian,Valeri Karpov,https://thecodebarbarian.com/
viljamis,Viljami Salminen,https://viljamis.com/
zellwk,Zell Liew,https://zellwk.com/
darrylbayliss,Darryl Bayliss,https://darrylbayliss.net/
adblockplus,AdBlock Plus,https://adblockplus.org/
amp,AMP Blog,https://blog.amp.dev/
brave,Brave Browser,https://brave.com/
chrome-blog,Chrome Blog,https://blog.google/products/chrome/
chromium,Chromium Blog,https://blog.chromium.org/
duckduckgo,DuckDuckGo Blog,https://spreadprivacy.com/
freedomscientific,Freedom Scientific,https://blog.freedomscientific.com/
chrome-dev,Chrome Developers,https://developer.chrome.com/
google-webfundamentals,Google Web Fundamentals,https://developers.google.com/web/fundamentals/
google-webmaster,Google Webmaster Blog,https://webmasters.googleblog.com/
mozilla-a11y,Mozilla Accessibility,https://blog.mozilla.org/accessibility/
mozilla,Mozilla Blog,https://blog.mozilla.org/
mozilla-hacks,Mozilla Hacks,https://hacks.mozilla.org/
msedge,MS Edge Blog,https://blogs.windows.com/msedgedev/
opera,Opera News,https://blogs.opera.com/news/
v8,V8 Blog,https://v8.dev/
vscode,Visual Studio Code,https://code.visualstudio.com/
w3c,W3C,https://www.w3.org/
webaim,WebAIM Blog,https://webaim.org/
webkit,WebKit Blog,https://webkit.org/
whatwg,WHATWG Blog,https://blog.whatwg.org/
angular,Angular Blog,https://blog.angular.io/
babel,Babel.js Blog,https://babeljs.io/
bootstrap,Bootstrap Blog,https://blog.getbootstrap.com/
gsap,GSAP Blog,https://greensock.com/
inclusive-components,Inclusive Components,https://inclusive-components.design/
nodejs,Node.js Blog,https://nodejs.org/
react,React Blog,https://reactjs.org/
sass,Sass Blog,https://sass-lang.com/
svelte,Svelte Blog,https://svelte.dev/
vue,Vue Blog,https://medium.com/the-vue-point
vue-news,Vue News,https://news.vuejs.org/
amex-tech,AMEX Technology,https://americanexpress.io/
auth0,Auth0 Blog,https://auth0.com/
axesslab,Axess Lab,https://axesslab.com/
bocoup,Bocoup Blog,https://bocoup.com/
calibre,Calibre Blog,https://calibreapp.com/
cloudfour,Cloud Four,https://cloudfour.com/
codeascraft,Code as Craft (Etsy),https://www.etsy.com/codeascraft
codepen,CodePen Blog,https://blog.codepen.io/
debugbear,DebugBear Blog,https://www.debugbear.com/
facebook-eng,Facebook Engineering,https://engineering.fb.com/
flywheel,Flywheel Blog,https://getflywheel.com/
heroku,Heroku Blog,https://blog.heroku.com/
instagram-eng,Instagram Engineering,https://instagram-engineering.com/
machmetrics,MachMetrics Speed Blog,https://www.machmetrics.com/
shimmercat,ShimmerCat Blog,https://www.shimmercat.com/
shopify-eng,Shopify Engineering,https://engineering.shopify.com/
speedcurve,SpeedCurve Blog,https://speedcurve.com/
thoughtbot,thoughtbot,https://thoughtbot.com/
twitter-eng,Twitter Engineering,https://blog.twitter.com/
volument,Volument Blog,https://volument.com/
codrops-collective,Codrops Collective,https://tympanus.net/codrops/collective/
echojs,Echo JS,https://www.echojs.com/
frontend-dogma,Frontend Dogma,https://frontenddogma.com/
heydesigner,Hey designer!,https://heydesigner.com/
unicornclub,Unicorn Club,https://unicornclub.dev/
webplatformnews,Web Platform News,https://webplatform.news/
wdrl,WDRL,https://wdrl.info/
so-tags,Stack Overflow Tags,https://stackoverflow.com/
reddit-dev,Reddit Dev,https://www.reddit.com/
